Firm,URL,Telephone Number,Address Line 1,City,Postal Code,Country
SJ Financial Services,https://www.financedirectory.net.au/out-60.html,(02) 4965 3100,94 Belford Street,New South Wales,2292,Australia
Credit Union Australia Ltd,https://www.financedirectory.net.au/out-86.html,(020 9246 2140,83 York St,New South Wales,2000,Australia
Brisbane Home Loans,https://www.financedirectory.net.au/out-247.html,1300 730 997,Suite 13/357 Gympie Road,Queensland,4500,Australia
ANZ Banking Group Limited,https://www.financedirectory.net.au/out-2.html,13 13 14,10/833 Collins St,Victoria,3000,Australia
Auswide Bank Ltd,https://www.financedirectory.net.au/out-3.html,1300 138 831,16–20 Barolin St,Queensland,4670,Australia
Commonwealth Bank of Australia,https://www.financedirectory.net.au/out-7.html,(61 2) 9378 2000,201 Sussex Street.,New South Wales,2000,Australia
Easy Plan Financial Services,https://www.financedirectory.net.au/out-54.html,1800 888 845,39 Montague Street,New South Wales,2500,Australia
Community Mutual Ltd,https://www.financedirectory.net.au/out-85.html,132067,Cnr Rusden & Dangar Streets,New South Wales,2350,Australia
Community Alliance Credit Union,https://www.financedirectory.net.au/out-83.html,02 42 521 200,38-40 Young Street,New South Wales,2500,Australia
CAPE Credit Union Limited,https://www.financedirectory.net.au/out-79.html,1300 330 056,28-32 The Kingsway,New South Wales,2230,Australia
Beyond Bank Australia,https://www.financedirectory.net.au/out-8.html,13 25 85,44 Waymouth Street,South Australia,5000,Australia
Bank of Queensland Limited,https://www.financedirectory.net.au/out-4.html,1300 55 72 72,259 Queen St,Queensland,4000,Australia
BOQ Specialist Bank Limited,https://www.financedirectory.net.au/out-6.html,1300 131 141,2 Chifley Square,New South Wales,2000,Australia
BankMecu,https://www.financedirectory.net.au/out-12.html,132 888,222 High Street,Victoria,3101,Australia
Heritage Bank,https://www.financedirectory.net.au/out-10.html,13 14 22,400 Ruthven St,Queensland,4350,Australia
Summerland Credit Union Limited,https://www.financedirectory.net.au/out-130.html,1300 802 222,101 Molesworth St,New South Wales,2480,Australia
South-West Credit Union Co-Operative Limited,https://www.financedirectory.net.au/out-129.html,(03) 5560 3900,117 Lava Street,Victoria,3280,Australia
Queenslanders Credit Union Limited,https://www.financedirectory.net.au/out-123.html,1800 753 377,127 George Street,Queensland,4000,Australia
Qudos Mutual Ltd,https://www.financedirectory.net.au/out-120.html,1300 747 747,191 O’Riordan St,New South Wales,2020,Australia
Dnister Credit Union,https://www.financedirectory.net.au/out-90.html,1800 353 041,912 Mt. Alexander Road,Victoria,3040,Australia
South West Slopes Credit Union Ltd,https://www.financedirectory.net.au/out-127.html,(02) 6384 1111,89 Boorowa Street,New South Wales,2594,Australia
Victoria Teachers Mutual Bank,https://www.financedirectory.net.au/out-23.html,1300 654 822,117 Camberwell Road,Victoria,3123,Australia
Pulse Credit Union Limited,https://www.financedirectory.net.au/out-119.html,(03) 9347 9588,766 Elizabeth Street,Victoria,3000,Australia
Goulburn Murray Credit Union Co-operative Limited,https://www.financedirectory.net.au/out-102.html,(03) 5821 9033,91-95 Fryers Street,Victoria,3630,Australia
Goldfields Money Limited,https://www.financedirectory.net.au/out-101.html,08 9438 8888,118 Royal Street,Western Australia,6004,Australia
Defence Bank Limited,https://www.financedirectory.net.au/out-9.html,1800 033 139,"Level 5, 31 Queen St",Victoria,3000,Australia
Funding Options,https://www.financedirectory.net.au/out-148.html,08 8366 0822,21 the Parade,South Australia,5067,Australia
Westpac Bank,https://www.financedirectory.net.au/out-24.html,132 032,150 Collins St,Victoria,3000,Australia
Wyong Shire Credit Union Ltd,,02 4350 5255,"Wyong Shire Credit Union,Anzac Avenue",New South Wales,2259,Australia
G&C Mutual Bank,https://www.financedirectory.net.au/out-22.html,1300 364 400,201 Elizabeth Street,New South Wales,2000,Australia
QT Mutual Bank,https://www.financedirectory.net.au/out-20.html,132930,454 St Paul's Terrace,Queensland,4006,Australia
BankVic,https://www.financedirectory.net.au/out-18.html,13 63 73,121 Cardigan Street,Victoria,3053,Australia
P&N Bank,https://www.financedirectory.net.au/out-19.html,132577,130 Stirling Street,Western Australia,6000,Australia
Police Bank Australia,https://www.financedirectory.net.au/out-17.html,131 728,25 Pelican Street,New South Wales,2010,Australia
National Australia Bank,https://www.financedirectory.net.au/out-16.html,1800 060 172,800 Bourke Street,Victoria,3008,Australia
MyState Bank,https://www.financedirectory.net.au/out-15.html,138 001,144 Collins Street,Tasmania,7000,Australia
Macquarie Bank,https://www.financedirectory.net.au/out-13.html,+61 2 8232 3333,50 Martin Place,New South Wales,2000,Australia
Community First Credit Union Limited,https://www.financedirectory.net.au/out-84.html,(02) 9735 1783,"Shop P003, Podium Level",New South Wales,2200,Australia
Coastline Credit Union Limited,https://www.financedirectory.net.au/out-81.html,1300 36 1066,64 Elbow Street,New South Wales,2440,Australia
Berrima District Credit Union,https://www.financedirectory.net.au/out-80.html,(02) 4860 4000,411 Bong Bong Street,New South Wales,2576,Australia
Central West Credit Union Limited,https://www.financedirectory.net.au/out-77.html,(02) 6862 2788,269 Clartinda Street,New South Wales,2870,Australia
Citigroup Pty Limited,https://www.financedirectory.net.au/out-28.html,(02) 8225 1000,2 Park Street,New South Wales,2000,Australia
Bank of Sydney Ltd,https://www.financedirectory.net.au/out-27.html,02 8262 9000,219-223 Castlereagh St,New South Wales,2000,Australia
Firefighters & Affiliates Credit Co-operative Limited,https://www.financedirectory.net.au/out-96.html,1300 366 350,408 Brunswick Street,Victoria,3065,Australia
First Option Credit Union Limited,https://www.financedirectory.net.au/out-98.html,1300 855 675,409 St Kilda Road,Victoria,3006,Australia
Fire Service Credit Union Limited,https://www.financedirectory.net.au/out-95.html,08 8227 2222,22 Chancery Lane,South Australia,5000,Australia
Fire Brigades Employees' Credit Union Limited,https://www.financedirectory.net.au/out-94.html,02 9267 3098,1 Oxford Street,New South Wales,2010,Australia
Family First Credit Union Limited,https://www.financedirectory.net.au/out-93.html,1300369900,1 Ordnance Ave,New South Wales,2790,Australia
Select Encompass Credit Union Ltd,https://www.financedirectory.net.au/out-92.html,1300 13 14 20,59 Buckingham Street,New South Wales,2010,Australia
EECU Limited,https://www.financedirectory.net.au/out-91.html,1300 65 3328,"12 Riverside Quay, Southbank Vic",Victoria,3006,Australia
Credit Union SA Ltd,https://www.financedirectory.net.au/out-89.html,1800018227,400 King William Street,South Australia,5000,Australia
Service One Credit Union Limited,https://www.financedirectory.net.au/out-125.html,1300 361 761,75 Denison Street,Australian Capital Territory,2600,Australia
Orange Credit Union Limited,https://www.financedirectory.net.au/out-117.html,(02) 6362 4466,288 Summer Street,New South Wales,2800,Australia
Macquarie Credit Union Limited,https://www.financedirectory.net.au/out-111.html,1300 885 480,165 Brisbane Street,New South Wales,2830,Australia
Heritage Isle Credit Union Limited,https://www.financedirectory.net.au/out-103.html,(03) 6334 9411,69 St John Street,Tasmania,7250,Australia
Hunter United Employees' Credit Union Limited,https://www.financedirectory.net.au/out-106.html,(02) 4941 3826,130 Lambton Rd,Victoria,2292,Australia
Horizon Credit Union Ltd (Horizon Bank),https://www.financedirectory.net.au/out-105.html,1300 366 565,27 Stewart Street,New South Wales,2500,Australia
Ford Co-operative Credit Society Limited,https://www.financedirectory.net.au/out-99.html,1300 361 555,107 Gheringhap Street,Victoria,3220,Australia
Collie Miners Credit Union Ltd,https://www.financedirectory.net.au/out-82.html,,217 Clarence Street,New South Wales,2000,Australia
Mortgage Choice Limited,https://www.financedirectory.net.au/out-141.html,+61 2 8907 0444,100 Pacific Highway,New South Wales,2060,Australia
Transport Mutual Credit Union Limited,https://www.financedirectory.net.au/out-136.html,(02) 8202 8555,KMS Building 8-24 Kippax Street,New South Wales,2010,Australia
Warwick Credit Union Ltd,https://www.financedirectory.net.au/out-137.html,1300 72 44 33,101 Palmerin Street,Queensland,4370,Australia
WAW Credit Union Co-Operative Limited,https://www.financedirectory.net.au/out-138.html,1300 368 555,11 Stanley St,Victoria,3690,Australia
Traditional Credit Union Limited,https://www.financedirectory.net.au/out-135.html,08 89990777,9 Rowling Street,Northern Territory,810,Australia
The Broken Hill Community Credit Union Ltd,https://www.financedirectory.net.au/out-133.html,(08) 8088 2199,2 Chloride St,New South Wales,2880,Australia
The Capricornian Ltd,https://www.financedirectory.net.au/out-134.html,07 4931 4900,"Stockland Rockhampton,Yaamba Road",Queensland,4700,Australia
Southern Cross Credit Union Ltd,https://www.financedirectory.net.au/out-128.html,02 6672 2744,2-4 Commercial Road,New South Wales,2484,Australia
Northern Inland Credit Union Limited,https://www.financedirectory.net.au/out-114.html,1300 65 65 81,481 Peel Street,New South Wales,2340,Australia
My Credit Union Limited,https://www.financedirectory.net.au/out-113.html,1300 655 116,11-21 Underwood Road,New South Wales,2140,Australia
"Maritime, Mining & Power Credit Union Limited",https://www.financedirectory.net.au/out-112.html,1300 36 2000,217 Clarence Street,New South Wales,2000,Australia
Lysaght Credit Union Ltd,https://www.financedirectory.net.au/out-109.html,(02) 4226 5900,13 Auburn Street,New South Wales,2500,Australia
Laboratories Credit Union Limited,https://www.financedirectory.net.au/out-108.html,(02) 9859 0585,3 Julius Avenue,New South Wales,2113,Australia
Holiday Coast Credit Union Ltd,https://www.financedirectory.net.au/out-104.html,(02) 6580 8222,1 Commerce Street,New South Wales,2446,Australia
Intech Credit Union Limited,https://www.financedirectory.net.au/out-107.html,1300 363 007,599 Pacific Hwy,New South Wales,2065,Australia
First Choice Credit Union Ltd,https://www.financedirectory.net.au/out-97.html,(02) 6362 2944,2/18 Sale Street,New South Wales,2800,Australia
Sydney Credit Union Ltd,https://www.financedirectory.net.au/out-132.html,13 61 91,19 Second Avenue,New South Wales,2184,Australia
Sutherland Credit Union Ltd,https://www.financedirectory.net.au/out-131.html,1300 784 388,670 Princes Highway,New South Wales,2232,Australia
Railways Credit Union Limited,https://www.financedirectory.net.au/out-124.html,1300 362 216,Brisbane Central Station Concourse,Queensland,4001,Australia
Police Credit Union Limited,https://www.financedirectory.net.au/out-118.html,1300 131 844,17 Carrington St,South Australia,5000,Australia
Queensland Police Credit Union,https://www.financedirectory.net.au/out-122.html,+61 7 3008 4444,231 North Quay,Queensland,4000,Australia
Queensland Country Credit Union Limited,https://www.financedirectory.net.au/out-121.html,1800 075 078,333 Ross River Road,Queensland,4814,Australia
Nova Credit Union Limited,https://www.financedirectory.net.au/out-116.html,(02) 4926 1428,3/71 King Street,New South Wales,2300,Australia
Top Mortgages,https://www.financedirectory.net.au/out-146.html,1300 308 225,939 Wanneroo Road,Western Australia,6065,Australia
Proactive Accountant,https://www.financedirectory.net.au/out-197.html,(03) 9761 0035,254 Dorset Road,Victoria,3155,Australia
Woolworths Employees' Credit Union Limited,https://www.financedirectory.net.au/out-139.html,1300 665 553,1 Woolworths Way,New South Wales,2153,Australia
